product_id,demo_slug,name,category,brand,price,original_price,discount,currency,in_stock,stock_level,url,image_url
BKC-GPS-FITNESS-WATCH,bkc-link,GPS Fitness Watch,Accessories,,9.9,9.9,0,AZN,true,,https://dengage-presales.github.io/demo-ai/demos/bkc-link/product.html?id=BKC-GPS-FITNESS-WATCH,https://dengage-presales.github.io/demo-ai/assets/motifs/smartwatch.jpg
BKC-HEART-RATE-CHEST-STRAP,bkc-link,Heart Rate Chest Strap,Accessories,,50.9,50.9,0,AZN,true,,https://dengage-presales.github.io/demo-ai/demos/bkc-link/product.html?id=BKC-HEART-RATE-CHEST-STRAP,
BKC-FOAM-ROLLER-45CM,bkc-link,Foam Roller 45cm,Accessories,,92.9,92.9,0,AZN,true,,https://dengage-presales.github.io/demo-ai/demos/bkc-link/product.html?id=BKC-FOAM-ROLLER-45CM,
BKC-RESISTANCE-BAND-SET,bkc-link,Resistance Band Set,Accessories,,133.9,133.9,0,AZN,true,,https://dengage-presales.github.io/demo-ai/demos/bkc-link/product.html?id=BKC-RESISTANCE-BAND-SET,
BKC-YOGA-MAT-6MM,bkc-link,Yoga Mat 6mm,Accessories,,174.9,174.9,0,AZN,true,,https://dengage-presales.github.io/demo-ai/demos/bkc-link/product.html?id=BKC-YOGA-MAT-6MM,https://dengage-presales.github.io/demo-ai/assets/motifs/rug.jpg
BKC-SKIPPING-ROPE,bkc-link,Skipping Rope,Accessories,,215.9,215.9,0,AZN,true,,https://dengage-presales.github.io/demo-ai/demos/bkc-link/product.html?id=BKC-SKIPPING-ROPE,
BKC-OVER-EAR-NOISE-CANCELLING-HEADPHONES,bkc-link,Over Ear Noise Cancelling Headphones,Audio,,34.9,34.9,0,AZN,true,,https://dengage-presales.github.io/demo-ai/demos/bkc-link/product.html?id=BKC-OVER-EAR-NOISE-CANCELLING-HEADPHONES,https://dengage-presales.github.io/demo-ai/assets/motifs/headphones.jpg
BKC-ON-EAR-WIRELESS-HEADPHONES,bkc-link,On Ear Wireless Headphones,Audio,,101.9,101.9,0,AZN,true,,https://dengage-presales.github.io/demo-ai/demos/bkc-link/product.html?id=BKC-ON-EAR-WIRELESS-HEADPHONES,https://dengage-presales.github.io/demo-ai/assets/motifs/headphones.jpg
BKC-TRUE-WIRELESS-EARBUDS,bkc-link,True Wireless Earbuds,Audio,,168.9,168.9,0,AZN,true,,https://dengage-presales.github.io/demo-ai/demos/bkc-link/product.html?id=BKC-TRUE-WIRELESS-EARBUDS,https://dengage-presales.github.io/demo-ai/assets/motifs/headphones.jpg
BKC-SPORT-WIRELESS-EARBUDS,bkc-link,Sport Wireless Earbuds,Audio,,236.9,236.9,0,AZN,true,,https://dengage-presales.github.io/demo-ai/demos/bkc-link/product.html?id=BKC-SPORT-WIRELESS-EARBUDS,https://dengage-presales.github.io/demo-ai/assets/motifs/headphones.jpg
BKC-STUDIO-MONITOR-HEADPHONES,bkc-link,Studio Monitor Headphones,Audio,,303.9,303.9,0,AZN,true,,https://dengage-presales.github.io/demo-ai/demos/bkc-link/product.html?id=BKC-STUDIO-MONITOR-HEADPHONES,https://dengage-presales.github.io/demo-ai/assets/motifs/headphones.jpg
BKC-PORTABLE-BLUETOOTH-SPEAKER,bkc-link,Portable Bluetooth Speaker,Audio,,370.9,370.9,0,AZN,true,,https://dengage-presales.github.io/demo-ai/demos/bkc-link/product.html?id=BKC-PORTABLE-BLUETOOTH-SPEAKER,https://dengage-presales.github.io/demo-ai/assets/motifs/speaker.jpg
BKC-SHOWER-GEL-250ML,bkc-link,Shower Gel 250ml,Body,,7.9,7.9,0,AZN,true,,https://dengage-presales.github.io/demo-ai/demos/bkc-link/product.html?id=BKC-SHOWER-GEL-250ML,https://dengage-presales.github.io/demo-ai/assets/motifs/tube.jpg
BKC-BODY-WASH-500ML,bkc-link,Body Wash 500ml,Body,,17.9,17.9,0,AZN,true,,https://dengage-presales.github.io/demo-ai/demos/bkc-link/product.html?id=BKC-BODY-WASH-500ML,
BKC-BODY-LOTION-250ML,bkc-link,Body Lotion 250ml,Body,,28.9,28.9,0,AZN,true,,https://dengage-presales.github.io/demo-ai/demos/bkc-link/product.html?id=BKC-BODY-LOTION-250ML,https://dengage-presales.github.io/demo-ai/assets/motifs/tube.jpg
BKC-RICH-BODY-BUTTER-200ML,bkc-link,Rich Body Butter 200ml,Body,,38.9,38.9,0,AZN,true,,https://dengage-presales.github.io/demo-ai/demos/bkc-link/product.html?id=BKC-RICH-BODY-BUTTER-200ML,https://dengage-presales.github.io/demo-ai/assets/motifs/jar.jpg
BKC-HAND-CREAM-75ML,bkc-link,Hand Cream 75ml,Body,,48.9,48.9,0,AZN,true,,https://dengage-presales.github.io/demo-ai/demos/bkc-link/product.html?id=BKC-HAND-CREAM-75ML,https://dengage-presales.github.io/demo-ai/assets/motifs/jar.jpg
BKC-EXFOLIATING-BODY-SCRUB-200ML,bkc-link,Exfoliating Body Scrub 200ml,Body,,58.9,58.9,0,AZN,true,,https://dengage-presales.github.io/demo-ai/demos/bkc-link/product.html?id=BKC-EXFOLIATING-BODY-SCRUB-200ML,
BKC-CAST-IRON-CASSEROLE-24CM,bkc-link,Cast Iron Casserole 24cm,Kitchen,,14.9,14.9,0,AZN,true,,https://dengage-presales.github.io/demo-ai/demos/bkc-link/product.html?id=BKC-CAST-IRON-CASSEROLE-24CM,https://dengage-presales.github.io/demo-ai/assets/motifs/cookware.jpg
BKC-STAINLESS-FRYING-PAN-28CM,bkc-link,Stainless Frying Pan 28cm,Kitchen,,55.9,55.9,0,AZN,true,,https://dengage-presales.github.io/demo-ai/demos/bkc-link/product.html?id=BKC-STAINLESS-FRYING-PAN-28CM,https://dengage-presales.github.io/demo-ai/assets/motifs/cookware.jpg
BKC-NON-STICK-FRYING-PAN-24CM,bkc-link,Non Stick Frying Pan 24cm,Kitchen,,95.9,95.9,0,AZN,true,,https://dengage-presales.github.io/demo-ai/demos/bkc-link/product.html?id=BKC-NON-STICK-FRYING-PAN-24CM,https://dengage-presales.github.io/demo-ai/assets/motifs/cookware.jpg
BKC-FIVE-PIECE-SAUCEPAN-SET,bkc-link,Five Piece Saucepan Set,Kitchen,,136.9,136.9,0,AZN,true,,https://dengage-presales.github.io/demo-ai/demos/bkc-link/product.html?id=BKC-FIVE-PIECE-SAUCEPAN-SET,https://dengage-presales.github.io/demo-ai/assets/motifs/cookware.jpg
BKC-STONEWARE-DINNER-PLATE-SET-OF-4,bkc-link,Stoneware Dinner Plate Set of 4,Kitchen,,176.9,176.9,0,AZN,true,,https://dengage-presales.github.io/demo-ai/demos/bkc-link/product.html?id=BKC-STONEWARE-DINNER-PLATE-SET-OF-4,https://dengage-presales.github.io/demo-ai/assets/motifs/plate.jpg
BKC-PORCELAIN-MUG-SET-OF-4,bkc-link,Porcelain Mug Set of 4,Kitchen,,217.9,217.9,0,AZN,true,,https://dengage-presales.github.io/demo-ai/demos/bkc-link/product.html?id=BKC-PORCELAIN-MUG-SET-OF-4,https://dengage-presales.github.io/demo-ai/assets/motifs/mug.jpg
BKC-OXFORD-BUTTON-DOWN-SHIRT,bkc-link,Oxford Button Down Shirt,Shirts And Tops,,24.9,24.9,0,AZN,true,,https://dengage-presales.github.io/demo-ai/demos/bkc-link/product.html?id=BKC-OXFORD-BUTTON-DOWN-SHIRT,https://dengage-presales.github.io/demo-ai/assets/motifs/shirt.jpg
BKC-LINEN-SHORT-SLEEVE-SHIRT,bkc-link,Linen Short Sleeve Shirt,Shirts And Tops,,37.9,37.9,0,AZN,true,,https://dengage-presales.github.io/demo-ai/demos/bkc-link/product.html?id=BKC-LINEN-SHORT-SLEEVE-SHIRT,https://dengage-presales.github.io/demo-ai/assets/motifs/shirt.jpg
BKC-BRUSHED-FLANNEL-SHIRT,bkc-link,Brushed Flannel Shirt,Shirts And Tops,,50.9,50.9,0,AZN,true,,https://dengage-presales.github.io/demo-ai/demos/bkc-link/product.html?id=BKC-BRUSHED-FLANNEL-SHIRT,https://dengage-presales.github.io/demo-ai/assets/motifs/shirt.jpg
BKC-POPLIN-DRESS-SHIRT,bkc-link,Poplin Dress Shirt,Shirts And Tops,,62.9,62.9,0,AZN,true,,https://dengage-presales.github.io/demo-ai/demos/bkc-link/product.html?id=BKC-POPLIN-DRESS-SHIRT,https://dengage-presales.github.io/demo-ai/assets/motifs/shirt.jpg
BKC-HEAVYWEIGHT-COTTON-T-SHIRT,bkc-link,Heavyweight Cotton T Shirt,Shirts And Tops,,75.9,75.9,0,AZN,true,,https://dengage-presales.github.io/demo-ai/demos/bkc-link/product.html?id=BKC-HEAVYWEIGHT-COTTON-T-SHIRT,https://dengage-presales.github.io/demo-ai/assets/motifs/shirt.jpg
BKC-PIMA-COTTON-LONG-SLEEVE-TEE,bkc-link,Pima Cotton Long Sleeve Tee,Shirts And Tops,,88.9,88.9,0,AZN,true,,https://dengage-presales.github.io/demo-ai/demos/bkc-link/product.html?id=BKC-PIMA-COTTON-LONG-SLEEVE-TEE,https://dengage-presales.github.io/demo-ai/assets/motifs/shirt.jpg
C28656016,capodarte,Chinelo Rasteiro Preto Monograma,Chinelos,CAPODARTE,199.9,199.9,0,BRL,true,,https://dengage-presales.github.io/demo-ai/demos/capodarte/product.html?id=C28656016,
C28291013,capodarte,Chinelo de Dedo Listras Azul Turmalina,Chinelos,CAPODARTE,130,130,0,BRL,true,,https://dengage-presales.github.io/demo-ai/demos/capodarte/product.html?id=C28291013,
C28658014,capodarte,Chinelo Rasteiro Dourado Monograma,Chinelos,CAPODARTE,199.9,199.9,0,BRL,true,,https://dengage-presales.github.io/demo-ai/demos/capodarte/product.html?id=C28658014,
C28719014,capodarte,Chinelo Rasteiro Caramelo,Chinelos,CAPODARTE,199.9,199.9,0,BRL,true,,https://dengage-presales.github.io/demo-ai/demos/capodarte/product.html?id=C28719014,
C28653019,capodarte,Chinelo Rasteiro Nude Seda,Chinelos,CAPODARTE,199.9,199.9,0,BRL,true,,https://dengage-presales.github.io/demo-ai/demos/capodarte/product.html?id=C28653019,
C28030014,capodarte,Clog Infantil Rosa,Chinelos,CAPODARTE,250,250,0,BRL,true,,https://dengage-presales.github.io/demo-ai/demos/capodarte/product.html?id=C28030014,
C29022012,capodarte,Chinelo de Dedo Verde Verbena,Chinelos,CAPODARTE,100,100,0,BRL,true,,https://dengage-presales.github.io/demo-ai/demos/capodarte/product.html?id=C29022012,
C29003017,capodarte,Sapatilha Couro Tressê Preta,Sapatilhas,CAPODARTE,790,790,0,BRL,true,,https://dengage-presales.github.io/demo-ai/demos/capodarte/product.html?id=C29003017,
C28348010,capodarte,Sapatilha Couro Vazada Rosa Peônia,Sapatilhas,CAPODARTE,550,550,0,BRL,true,,https://dengage-presales.github.io/demo-ai/demos/capodarte/product.html?id=C28348010,
C29004016,capodarte,Sapatilha Couro Tressê Marrom Mogno,Sapatilhas,CAPODARTE,790,790,0,BRL,true,,https://dengage-presales.github.io/demo-ai/demos/capodarte/product.html?id=C29004016,
C28713010,capodarte,Sapatilha Catherine Ballerina Couro Vermelha Papoula,Sapatilhas,CAPODARTE,450,450,0,BRL,true,,https://dengage-presales.github.io/demo-ai/demos/capodarte/product.html?id=C28713010,
C28639019,capodarte,Sapatilha Bico Redondo Couro Metalizada Prateada,Sapatilhas,CAPODARTE,390,390,0,BRL,true,,https://dengage-presales.github.io/demo-ai/demos/capodarte/product.html?id=C28639019,
C28050018,capodarte,Sapatilha Infantil Couro Mocha Rose Catherine,Sapatilhas,CAPODARTE,370,370,0,BRL,true,,https://dengage-presales.github.io/demo-ai/demos/capodarte/product.html?id=C28050018,
C27030017,capodarte,Sapatilha Bico Redondo Couro Rose Mocha,Sapatilhas,CAPODARTE,390,390,0,BRL,true,,https://dengage-presales.github.io/demo-ai/demos/capodarte/product.html?id=C27030017,
C28766012,capodarte,Scarpin Salto Médio Couro Preto,Scarpins,CAPODARTE,650,650,0,BRL,true,,https://dengage-presales.github.io/demo-ai/demos/capodarte/product.html?id=C28766012,
C29315019,capodarte,Scarpin Salto Alto Couro Camomila e Preto,Scarpins,CAPODARTE,690,690,0,BRL,true,,https://dengage-presales.github.io/demo-ai/demos/capodarte/product.html?id=C29315019,
C29398012,capodarte,Scarpin Slingback Couro Mármore,Scarpins,CAPODARTE,490,490,0,BRL,true,,https://dengage-presales.github.io/demo-ai/demos/capodarte/product.html?id=C29398012,
C29396014,capodarte,Scarpin Slingback Couro Preto,Scarpins,CAPODARTE,490,490,0,BRL,true,,https://dengage-presales.github.io/demo-ai/demos/capodarte/product.html?id=C29396014,
C29397013,capodarte,Scarpin Slingback Couro Azul Cielo,Scarpins,CAPODARTE,490,490,0,BRL,true,,https://dengage-presales.github.io/demo-ai/demos/capodarte/product.html?id=C29397013,
C29323018,capodarte,Scarpin Salto Alto Anabela Couro Mármore,Scarpins,CAPODARTE,590,590,0,BRL,true,,https://dengage-presales.github.io/demo-ai/demos/capodarte/product.html?id=C29323018,
C29322019,capodarte,Scarpin Salto Alto Anabela Couro Azul Cielo,Scarpins,CAPODARTE,590,590,0,BRL,true,,https://dengage-presales.github.io/demo-ai/demos/capodarte/product.html?id=C29322019,
C26346018,capodarte,Bolsa Monograma Bege Shopper,Shopper,CAPODARTE,690,690,0,BRL,true,,https://dengage-presales.github.io/demo-ai/demos/capodarte/product.html?id=C26346018,
C25707018,capodarte,Bolsa Média Monograma Bege Shopper,Shopper,CAPODARTE,550,550,0,BRL,true,,https://dengage-presales.github.io/demo-ai/demos/capodarte/product.html?id=C25707018,
C16224018,capodarte,Bolsa Donata Shopper Média Monograma Caramelo,Shopper,CAPODARTE,550,550,0,BRL,true,,https://dengage-presales.github.io/demo-ai/demos/capodarte/product.html?id=C16224018,
C28170011,capodarte,Bolsa Shopper Grande Couro Preta,Shopper,CAPODARTE,1290,1290,0,BRL,true,,https://dengage-presales.github.io/demo-ai/demos/capodarte/product.html?id=C28170011,
C28900014,capodarte,Bolsa Shopper Couro Bege Savana Detalhe Corrente,Shopper,CAPODARTE,1590,1590,0,BRL,true,,https://dengage-presales.github.io/demo-ai/demos/capodarte/product.html?id=C28900014,
C28533016,capodarte,Bolsa Shopper Couro Suede Preta,Shopper,CAPODARTE,1590,1590,0,BRL,true,,https://dengage-presales.github.io/demo-ai/demos/capodarte/product.html?id=C28533016,
C28534015,capodarte,Bolsa Shopper Couro Suede Marrom Mogno,Shopper,CAPODARTE,1590,1590,0,BRL,true,,https://dengage-presales.github.io/demo-ai/demos/capodarte/product.html?id=C28534015,
C26350011,capodarte,Bolsa Monograma Shoulder Caramelo,Shoulder Bag,CAPODARTE,300,690,390,BRL,true,,https://dengage-presales.github.io/demo-ai/demos/capodarte/product.html?id=C26350011,https://dengage-presales.github.io/demo-ai/assets/motifs/bag.jpg
C16227015,capodarte,Bolsa Pequena Monograma Shoulder Bag Caramelo,Shoulder Bag,CAPODARTE,390,390,0,BRL,true,,https://dengage-presales.github.io/demo-ai/demos/capodarte/product.html?id=C16227015,https://dengage-presales.github.io/demo-ai/assets/motifs/bag.jpg
C28498014,capodarte,Bolsa Tiracolo Couro Coral Shoulder Bag,Shoulder Bag,CAPODARTE,790,790,0,BRL,true,,https://dengage-presales.github.io/demo-ai/demos/capodarte/product.html?id=C28498014,https://dengage-presales.github.io/demo-ai/assets/motifs/bag.jpg
C27542017,capodarte,Bolsa Tiracolo Couro Matelassê Preta Alça Grafite,Shoulder Bag,CAPODARTE,990,990,0,BRL,true,,https://dengage-presales.github.io/demo-ai/demos/capodarte/product.html?id=C27542017,https://dengage-presales.github.io/demo-ai/assets/motifs/bag.jpg
C28168016,capodarte,Bolsa Shoulder Pequena Couro Caramelo,Shoulder Bag,CAPODARTE,890,890,0,BRL,true,,https://dengage-presales.github.io/demo-ai/demos/capodarte/product.html?id=C28168016,https://dengage-presales.github.io/demo-ai/assets/motifs/bag.jpg
C28483012,capodarte,Bolsa Tiracolo Couro Marrom,Shoulder Bag,CAPODARTE,990,990,0,BRL,true,,https://dengage-presales.github.io/demo-ai/demos/capodarte/product.html?id=C28483012,https://dengage-presales.github.io/demo-ai/assets/motifs/bag.jpg
C28526016,capodarte,Bolsa Shoulder Tela Couro Amarelo Camomila,Shoulder Bag,CAPODARTE,1690,1690,0,BRL,true,,https://dengage-presales.github.io/demo-ai/demos/capodarte/product.html?id=C28526016,https://dengage-presales.github.io/demo-ai/assets/motifs/bag.jpg
C28711012,capodarte,Cinto Couro Marrom Fivela Dourada,Cintos,CAPODARTE,290,290,0,BRL,true,,https://dengage-presales.github.io/demo-ai/demos/capodarte/product.html?id=C28711012,
C28710013,capodarte,Cinto Couro Preto Fivela Dourada,Cintos,CAPODARTE,290,290,0,BRL,true,,https://dengage-presales.github.io/demo-ai/demos/capodarte/product.html?id=C28710013,
C28821018,capodarte,Cinto Couro Branco Fivela Dourada,Cintos,CAPODARTE,290,290,0,BRL,true,,https://dengage-presales.github.io/demo-ai/demos/capodarte/product.html?id=C28821018,
C20389011,capodarte,Cinto Couro Nude e Preto Feminino,Cintos,CAPODARTE,350,350,0,BRL,true,,https://dengage-presales.github.io/demo-ai/demos/capodarte/product.html?id=C20389011,
C27625019,capodarte,Cinto Couro Marrom Feminino Fivela Redonda,Cintos,CAPODARTE,350,350,0,BRL,true,,https://dengage-presales.github.io/demo-ai/demos/capodarte/product.html?id=C27625019,
C27618019,capodarte,Cinto Monograma Preto Feminino,Cintos,CAPODARTE,290,290,0,BRL,true,,https://dengage-presales.github.io/demo-ai/demos/capodarte/product.html?id=C27618019,
C28808017,capodarte,Sandália Salto Bloco Couro Preta,Sandálias,CAPODARTE,590,590,0,BRL,true,,https://dengage-presales.github.io/demo-ai/demos/capodarte/product.html?id=C28808017,
C28250016,capodarte,Sandália Salto Bloco Caramelo,Sandálias,CAPODARTE,390,390,0,BRL,true,,https://dengage-presales.github.io/demo-ai/demos/capodarte/product.html?id=C28250016,
C29366013,capodarte,Sandália Salto Alto Couro Trançada Dourada,Sandálias,CAPODARTE,690,690,0,BRL,true,,https://dengage-presales.github.io/demo-ai/demos/capodarte/product.html?id=C29366013,
C29365014,capodarte,Sandália Salto Alto Couro Trançada Preta,Sandálias,CAPODARTE,690,690,0,BRL,true,,https://dengage-presales.github.io/demo-ai/demos/capodarte/product.html?id=C29365014,
C29352010,capodarte,Sandália Salto Alto Couro Nobuck Preta e Camomila,Sandálias,CAPODARTE,650,650,0,BRL,true,,https://dengage-presales.github.io/demo-ai/demos/capodarte/product.html?id=C29352010,
C29351011,capodarte,Sandália Salto Alto Couro Caramelo,Sandálias,CAPODARTE,650,650,0,BRL,true,,https://dengage-presales.github.io/demo-ai/demos/capodarte/product.html?id=C29351011,
KIT-MULE-BOLSA-TOTE,capodarte,Kit Mule Bolsa Tote,Sem Categoria,KIT CAPODARTE,1840,1840,0,BRL,true,,https://dengage-presales.github.io/demo-ai/demos/capodarte/product.html?id=KIT-MULE-BOLSA-TOTE,https://dengage-presales.github.io/demo-ai/assets/motifs/bag.jpg
KIT-BOLSA-SHOULDER-BAG-TENIS-SNEAKERS,capodarte,Kit Bolsa Shoulder Bag Tênis Sneakers,Sem Categoria,KIT CAPODARTE,2590,2590,0,BRL,true,,https://dengage-presales.github.io/demo-ai/demos/capodarte/product.html?id=KIT-BOLSA-SHOULDER-BAG-TENIS-SNEAKERS,https://dengage-presales.github.io/demo-ai/assets/motifs/shoe.jpg
KIT-SAPATILHA-BOLSA-SHOULDER-BAG,capodarte,Kit Sapatilha Bolsa Shoulder Bag,Sem Categoria,KIT CAPODARTE,1640,1640,0,BRL,true,,https://dengage-presales.github.io/demo-ai/demos/capodarte/product.html?id=KIT-SAPATILHA-BOLSA-SHOULDER-BAG,https://dengage-presales.github.io/demo-ai/assets/motifs/bag.jpg
KIT-MULE-BOLSA-SHOULDER-BAG,capodarte,Kit Mule Bolsa Shoulder Bag,Sem Categoria,KIT CAPODARTE,2340,2340,0,BRL,true,,https://dengage-presales.github.io/demo-ai/demos/capodarte/product.html?id=KIT-MULE-BOLSA-SHOULDER-BAG,https://dengage-presales.github.io/demo-ai/assets/motifs/bag.jpg
KIT-LOAFER-BOLSA-SHOULDER-BAG,capodarte,Kit Loafer Bolsa Shoulder Bag,Sem Categoria,KIT CAPODARTE,1540,1540,0,BRL,true,,https://dengage-presales.github.io/demo-ai/demos/capodarte/product.html?id=KIT-LOAFER-BOLSA-SHOULDER-BAG,https://dengage-presales.github.io/demo-ai/assets/motifs/bag.jpg
KIT-BOLSA-BAGUETE-SANDALIA-RASTEIRA,capodarte,Kit Bolsa Baguete Sandália Rasteira,Sem Categoria,KIT CAPODARTE,1200,1200,0,BRL,true,,https://dengage-presales.github.io/demo-ai/demos/capodarte/product.html?id=KIT-BOLSA-BAGUETE-SANDALIA-RASTEIRA,
C25947014,capodarte,Mala Maternidade Camel Monograma + Trocador,More,CAPODARTE,990,990,0,BRL,true,,https://dengage-presales.github.io/demo-ai/demos/capodarte/product.html?id=C25947014,
C28649016,capodarte,Sandália Rasteira Marinho Azzurro,More,CAPODARTE,290,290,0,BRL,true,,https://dengage-presales.github.io/demo-ai/demos/capodarte/product.html?id=C28649016,
C28278012,capodarte,Loafer Mocassim Couro Rose Mocha,More,CAPODARTE,690,690,0,BRL,true,,https://dengage-presales.github.io/demo-ai/demos/capodarte/product.html?id=C28278012,https://dengage-presales.github.io/demo-ai/assets/motifs/shoe.jpg
C28737010,capodarte,Mule Salto Médio Couro Caramelo,More,CAPODARTE,590,590,0,BRL,true,,https://dengage-presales.github.io/demo-ai/demos/capodarte/product.html?id=C28737010,
C28651011,capodarte,Sandália Rasteira Monograma Dourada,More,CAPODARTE,290,290,0,BRL,true,,https://dengage-presales.github.io/demo-ai/demos/capodarte/product.html?id=C28651011,
C28647018,capodarte,Sandália Rasteira Nude Seda,More,CAPODARTE,290,290,0,BRL,true,,https://dengage-presales.github.io/demo-ai/demos/capodarte/product.html?id=C28647018,
C28319018,capodarte,Mule Plataforma Cortiça Marrom Mogno,More,CAPODARTE,490,490,0,BRL,true,,https://dengage-presales.github.io/demo-ai/demos/capodarte/product.html?id=C28319018,
92988022,disantinni,Sandália Grendene Baby Bluey Azul,Sandália,Grendene Kids,59.99,59.99,0,BRL,true,,https://dengage-presales.github.io/demo-ai/demos/disantinni/product.html?id=92988022,
92988013,disantinni,Sandália Grendene Baby Bluey Rosa,Sandália,Grendene Kids,59.99,59.99,0,BRL,true,,https://dengage-presales.github.io/demo-ai/demos/disantinni/product.html?id=92988013,
92988031,disantinni,Sandália Grendene Baby Bluey Marrom,Sandália,Grendene Kids,59.99,59.99,0,BRL,true,,https://dengage-presales.github.io/demo-ai/demos/disantinni/product.html?id=92988031,
92991026,disantinni,Sandália Grendene Barbie Dourada Menina,Sandália,Grendene Kids,69.99,69.99,0,BRL,true,,https://dengage-presales.github.io/demo-ai/demos/disantinni/product.html?id=92991026,
92991017,disantinni,Sandália Grendene Barbie Rosa Menina,Sandália,Grendene Kids,69.99,69.99,0,BRL,true,,https://dengage-presales.github.io/demo-ai/demos/disantinni/product.html?id=92991017,
92991035,disantinni,Sandália Grendene Barbie Branca Menina,Sandália,Grendene Kids,69.99,69.99,0,BRL,true,,https://dengage-presales.github.io/demo-ai/demos/disantinni/product.html?id=92991035,
92994014,disantinni,Sandália Grendene Clog Babuch Disney com Led Bege Menina,Sandália,Grendene Kids,99.99,99.99,0,BRL,true,,https://dengage-presales.github.io/demo-ai/demos/disantinni/product.html?id=92994014,
92995013,disantinni,Sandália Grendene Clog Babuch Barbie com Led Rosa Menina,Sandália,Grendene Kids,99.99,109.99,10,BRL,true,,https://dengage-presales.github.io/demo-ai/demos/disantinni/product.html?id=92995013,
90916021,disantinni,Tênis Feminino Raiden Asics Azul,Tênis,Asics,341.99,379.99,38,BRL,true,,https://dengage-presales.github.io/demo-ai/demos/disantinni/product.html?id=90916021,
86460057,disantinni,Tênis Mizuno Jet 8 Feminino Lilás,Tênis,Mizuno,323.99,359.99,36,BRL,true,,https://dengage-presales.github.io/demo-ai/demos/disantinni/product.html?id=86460057,
92741014,disantinni,Tênis Masculino Box 200 Preto,Tênis,Box,109.99,109.99,0,BRL,true,,https://dengage-presales.github.io/demo-ai/demos/disantinni/product.html?id=92741014,
92484021,disantinni,Tênis Moleca Paris Rosa Feminino,Tênis,Moleca,129.99,129.99,0,BRL,true,,https://dengage-presales.github.io/demo-ai/demos/disantinni/product.html?id=92484021,
91940016,disantinni,Tênis Feminino Esportivo Actvitta Rosa,Tênis,Actvitta,260.99,289.99,29,BRL,true,,https://dengage-presales.github.io/demo-ai/demos/disantinni/product.html?id=91940016,
91393014,disantinni,Tênis Menino Esportivo Box Preto,Tênis,Box Kids,79.99,79.99,0,BRL,true,,https://dengage-presales.github.io/demo-ai/demos/disantinni/product.html?id=91393014,
91668015,disantinni,Tênis Masculino Box Preto,Tênis,Box,89.99,89.99,0,BRL,true,,https://dengage-presales.github.io/demo-ai/demos/disantinni/product.html?id=91668015,
91699015,disantinni,Tênis Feminino Box Azul Marinho,Tênis,Box,89.99,89.99,0,BRL,true,,https://dengage-presales.github.io/demo-ai/demos/disantinni/product.html?id=91699015,
93000011,disantinni,Chinelo Ipanema Baby Cerejinhas Rosa,Chinelo,Ipanema Grendene,29.99,29.99,0,BRL,true,,https://dengage-presales.github.io/demo-ai/demos/disantinni/product.html?id=93000011,
93000020,disantinni,Chinelo Ipanema Baby Cerejinhas Amarelo,Chinelo,Ipanema Grendene,29.99,29.99,0,BRL,true,,https://dengage-presales.github.io/demo-ai/demos/disantinni/product.html?id=93000020,
93001010,disantinni,Chinelo Baby Rider Slide Marrom,Chinelo,Grendene Kids,69.99,69.99,0,BRL,true,,https://dengage-presales.github.io/demo-ai/demos/disantinni/product.html?id=93001010,
93001029,disantinni,Chinelo Baby Rider Slide Azul,Chinelo,Grendene Kids,69.99,69.99,0,BRL,true,,https://dengage-presales.github.io/demo-ai/demos/disantinni/product.html?id=93001029,
93019019,disantinni,Chinelo Grendene Slide Batman Preto Menino,Chinelo,Grendene Kids,49.99,49.99,0,BRL,true,,https://dengage-presales.github.io/demo-ai/demos/disantinni/product.html?id=93019019,
93025029,disantinni,Chinelo Rider Video Game Azul Menino,Chinelo,Rider Grendene,29.99,29.99,0,BRL,true,,https://dengage-presales.github.io/demo-ai/demos/disantinni/product.html?id=93025029,
93025010,disantinni,Chinelo Rider Racing Preto Menino,Chinelo,Rider Grendene,29.99,29.99,0,BRL,true,,https://dengage-presales.github.io/demo-ai/demos/disantinni/product.html?id=93025010,
91700010,disantinni,Bota Moleca Cano Médio Preto Feminino,More,Moleca,99.99,319.99,220,BRL,true,,https://dengage-presales.github.io/demo-ai/demos/disantinni/product.html?id=91700010,
91597018,disantinni,Bota Feminina Salto Country Mississipi Preta,More,Mississipi,99.99,299.99,200,BRL,true,,https://dengage-presales.github.io/demo-ai/demos/disantinni/product.html?id=91597018,
88548012,disantinni,Alpargata Moleca com Furtinhos Feminina Preta,More,Moleca,69.99,69.99,0,BRL,true,,https://dengage-presales.github.io/demo-ai/demos/disantinni/product.html?id=88548012,
90926028,disantinni,Bota Cano Curto Country e Salto Quadrado Via Marte Feminina Caramelo,More,Via Marte,99.99,299.99,200,BRL,true,,https://dengage-presales.github.io/demo-ai/demos/disantinni/product.html?id=90926028,
90817012,disantinni,Bota de Cano Curto com Salto Baixo Baixo Crocodilo Feminina Preta,More,Modare,99.99,239.99,140,BRL,true,,https://dengage-presales.github.io/demo-ai/demos/disantinni/product.html?id=90817012,
91700029,disantinni,Bota Moleca Cano Médio Marrom Feminino,More,Moleca,99.99,319.99,220,BRL,true,,https://dengage-presales.github.io/demo-ai/demos/disantinni/product.html?id=91700029,
91597027,disantinni,Bota Feminina Salto Country Mississipi Café,More,Mississipi,99.99,299.99,200,BRL,true,,https://dengage-presales.github.io/demo-ai/demos/disantinni/product.html?id=91597027,
P-J5KPRK,goodleathergarments-in,Laptop Backpack 2 in 1 with Anti Theft Pocket,All Bag,Good Leather Garments,6000,6000,0,TRY,true,,https://dengage-presales.github.io/demo-ai/demos/goodleathergarments-in/product.html?id=P-J5KPRK,https://dengage-presales.github.io/demo-ai/assets/motifs/bag.jpg
TOPPER-STYLISH-LEATHER-TRAVEL-BAG,goodleathergarments-in,Topper Stylish Leather Travel Bckpack,All Bag,Good Leather Garments,6598.8,11758.8,5160,TRY,true,,https://dengage-presales.github.io/demo-ai/demos/goodleathergarments-in/product.html?id=TOPPER-STYLISH-LEATHER-TRAVEL-BAG,https://dengage-presales.github.io/demo-ai/assets/motifs/bag.jpg
TOP-CRUNCH-LEATHER-BACKPACK,goodleathergarments-in,Top Crunch Leather Backpack,All Bag,Good Leather Garments,6600,11998.8,5398.8,TRY,true,,https://dengage-presales.github.io/demo-ai/demos/goodleathergarments-in/product.html?id=TOP-CRUNCH-LEATHER-BACKPACK,https://dengage-presales.github.io/demo-ai/assets/motifs/bag.jpg
DUMBLE-LEATHER-BACKPACK,goodleathergarments-in,Dumble Leather Backpack,All Bag,Good Leather Garments,5998.8,11998.8,6000,TRY,true,,https://dengage-presales.github.io/demo-ai/demos/goodleathergarments-in/product.html?id=DUMBLE-LEATHER-BACKPACK,https://dengage-presales.github.io/demo-ai/assets/motifs/bag.jpg
CRUNCH-LEATHER-BACKPACK,goodleathergarments-in,Crunch Leather Backpack,All Bag,Good Leather Garments,7198.8,11998.8,4800,TRY,true,,https://dengage-presales.github.io/demo-ai/demos/goodleathergarments-in/product.html?id=CRUNCH-LEATHER-BACKPACK,https://dengage-presales.github.io/demo-ai/assets/motifs/bag.jpg
THE-BEST-LEATHER-BACKPACK,goodleathergarments-in,The Best Leather Backpack,All Bag,Good Leather Garments,6598.8,10798.8,4200,TRY,true,,https://dengage-presales.github.io/demo-ai/demos/goodleathergarments-in/product.html?id=THE-BEST-LEATHER-BACKPACK,https://dengage-presales.github.io/demo-ai/assets/motifs/bag.jpg
CROCO-LEATHER-BACKPACK,goodleathergarments-in,Croco Leather Backpack,All Bag,Good Leather Garments,6598.8,11518.8,4920,TRY,true,,https://dengage-presales.github.io/demo-ai/demos/goodleathergarments-in/product.html?id=CROCO-LEATHER-BACKPACK,https://dengage-presales.github.io/demo-ai/assets/motifs/bag.jpg
GL5006,goodleathergarments-in,Ranger Leather Jacket,All Jacket,Good Leather Garments,6358.8,10798.8,4440,TRY,true,,https://dengage-presales.github.io/demo-ai/demos/goodleathergarments-in/product.html?id=GL5006,https://dengage-presales.github.io/demo-ai/assets/motifs/jacket.jpg
HUDSON-LEATHER-JACKET,goodleathergarments-in,Hudson Leather Jacket,All Jacket,Good Leather Garments,5998.8,9118.8,3120,TRY,true,,https://dengage-presales.github.io/demo-ai/demos/goodleathergarments-in/product.html?id=HUDSON-LEATHER-JACKET,https://dengage-presales.github.io/demo-ai/assets/motifs/jacket.jpg
GL5014,goodleathergarments-in,Carter Suede Leather Jacket,All Jacket,Good Leather Garments,5998.8,9118.8,3120,TRY,true,,https://dengage-presales.github.io/demo-ai/demos/goodleathergarments-in/product.html?id=GL5014,https://dengage-presales.github.io/demo-ai/assets/motifs/jacket.jpg
GL5016,goodleathergarments-in,Oxford Classic Leather Jacket,All Jacket,Good Leather Garments,5518.8,9118.8,3600,TRY,true,,https://dengage-presales.github.io/demo-ai/demos/goodleathergarments-in/product.html?id=GL5016,https://dengage-presales.github.io/demo-ai/assets/motifs/jacket.jpg
GL5010,goodleathergarments-in,Malan Leather Jacket,All Jacket,Good Leather Garments,5998.8,8398.8,2400,TRY,true,,https://dengage-presales.github.io/demo-ai/demos/goodleathergarments-in/product.html?id=GL5010,https://dengage-presales.github.io/demo-ai/assets/motifs/jacket.jpg
GL5008,goodleathergarments-in,Rider Leather Biker Jacket,All Jacket,Good Leather Garments,6598.8,9118.8,2520,TRY,true,,https://dengage-presales.github.io/demo-ai/demos/goodleathergarments-in/product.html?id=GL5008,https://dengage-presales.github.io/demo-ai/assets/motifs/jacket.jpg
QUILTED-LEATHER-BIKER-JACKET,goodleathergarments-in,Quilted Leather Biker Jacket,All Jacket,Good Leather Garments,5998.8,10318.8,4320,TRY,true,,https://dengage-presales.github.io/demo-ai/demos/goodleathergarments-in/product.html?id=QUILTED-LEATHER-BIKER-JACKET,https://dengage-presales.github.io/demo-ai/assets/motifs/jacket.jpg
FORMAL-SUEDE-BOMBER-JACKET,goodleathergarments-in,Formal Suede Bomber Jacket,Bomber Jackets,Good Leather Garments,6598.8,11518.8,4920,TRY,true,,https://dengage-presales.github.io/demo-ai/demos/goodleathergarments-in/product.html?id=FORMAL-SUEDE-BOMBER-JACKET,https://dengage-presales.github.io/demo-ai/assets/motifs/jacket.jpg
CLASSIC-SOLID-SUEDE-BOMBER-LEATHER-JACKET,goodleathergarments-in,Classic Suede Bomber Jacket,Bomber Jackets,Good Leather Garments,5758.8,13198.8,7440,TRY,true,,https://dengage-presales.github.io/demo-ai/demos/goodleathergarments-in/product.html?id=CLASSIC-SOLID-SUEDE-BOMBER-LEATHER-JACKET,https://dengage-presales.github.io/demo-ai/assets/motifs/jacket.jpg
MENS-BROWN-LEATHER-BOMBER-JACKET,goodleathergarments-in,Brown Suede Leather Bomber Jacket,Bomber Jackets,Good Leather Garments,6238.8,11278.8,5040,TRY,true,,https://dengage-presales.github.io/demo-ai/demos/goodleathergarments-in/product.html?id=MENS-BROWN-LEATHER-BOMBER-JACKET,https://dengage-presales.github.io/demo-ai/assets/motifs/jacket.jpg
BLAIN-BROWN-SUEDE-BOMBER-JACKET,goodleathergarments-in,Blain Suede Bomber Jacket,Bomber Jackets,Good Leather Garments,5758.8,11398.8,5640,TRY,true,,https://dengage-presales.github.io/demo-ai/demos/goodleathergarments-in/product.html?id=BLAIN-BROWN-SUEDE-BOMBER-JACKET,https://dengage-presales.github.io/demo-ai/assets/motifs/jacket.jpg
WELCOM-VINTAGE-LEATHER-JACKET,goodleathergarments-in,Welcom Vintage Leather Jacket,Bomber Jackets,Good Leather Garments,7198.8,13198.8,6000,TRY,true,,https://dengage-presales.github.io/demo-ai/demos/goodleathergarments-in/product.html?id=WELCOM-VINTAGE-LEATHER-JACKET,https://dengage-presales.github.io/demo-ai/assets/motifs/jacket.jpg
VAXTON-BLACK-HYBRID-VARSITY-JACKET-GL287,goodleathergarments-in,Vaxton Black Hybrid Varsity Jacket,Bomber Jackets,goodleathergarments2,5758.8,10198.8,4440,TRY,true,,https://dengage-presales.github.io/demo-ai/demos/goodleathergarments-in/product.html?id=VAXTON-BLACK-HYBRID-VARSITY-JACKET-GL287,https://dengage-presales.github.io/demo-ai/assets/motifs/jacket.jpg
SVEN-LEATHER-BOMBER-JACKET-GL279,goodleathergarments-in,Sven Leather Bomber Jacket,Bomber Jackets,goodleathergarments2,5758.8,8998.8,3240,TRY,true,,https://dengage-presales.github.io/demo-ai/demos/goodleathergarments-in/product.html?id=SVEN-LEATHER-BOMBER-JACKET-GL279,https://dengage-presales.github.io/demo-ai/assets/motifs/jacket.jpg
VELMORA-LADIES-HANDBAG,goodleathergarments-in,Velmora Ladies HandBag,Ladies Handbags,Good Leather Garments,5398.8,12718.8,7320,TRY,true,,https://dengage-presales.github.io/demo-ai/demos/goodleathergarments-in/product.html?id=VELMORA-LADIES-HANDBAG,
LUNAVERA-LADIES-PURSE-BLACK,goodleathergarments-in,Lunavera Ladies Purse Black,Ladies Handbags,Good Leather Garments,5278.8,11998.8,6720,TRY,true,,https://dengage-presales.github.io/demo-ai/demos/goodleathergarments-in/product.html?id=LUNAVERA-LADIES-PURSE-BLACK,https://dengage-presales.github.io/demo-ai/assets/motifs/bag.jpg
ARLISSE-EATHER-LADIES-HANDBAGS-BLACK,goodleathergarments-in,Arlisse eather Ladies Handbags Black,Ladies Handbags,Good Leather Garments,5398.8,9598.8,4200,TRY,true,,https://dengage-presales.github.io/demo-ai/demos/goodleathergarments-in/product.html?id=ARLISSE-EATHER-LADIES-HANDBAGS-BLACK,
GL48,goodleathergarments-in,Good Leather Rano Ladies Purse,Ladies Handbags,Good Leather Garments,5400,11998.8,6598.8,TRY,true,,https://dengage-presales.github.io/demo-ai/demos/goodleathergarments-in/product.html?id=GL48,https://dengage-presales.github.io/demo-ai/assets/motifs/bag.jpg
ELEGANT-LEATHER-HANDBAG-WITH-CHAIN-HANDLES,goodleathergarments-in,Elegant Leather Handbag with Chain Handles,Ladies Handbags,Good Leather Garments,4618.8,5950.8,1332,TRY,true,,https://dengage-presales.github.io/demo-ai/demos/goodleathergarments-in/product.html?id=ELEGANT-LEATHER-HANDBAG-WITH-CHAIN-HANDLES,
DUAL-TONE-ELEGANCE-LEATHER-PURSE,goodleathergarments-in,Dual-Tone Elegance Leather Purse,Ladies Handbags,Good Leather Garments,4798.8,5998.8,1200,TRY,true,,https://dengage-presales.github.io/demo-ai/demos/goodleathergarments-in/product.html?id=DUAL-TONE-ELEGANCE-LEATHER-PURSE,https://dengage-presales.github.io/demo-ai/assets/motifs/bag.jpg
EMERALD-LUXE-CROCO-PRINT-LEATHER-PURSE,goodleathergarments-in,Emerald Luxe Leather Sling Bag,Ladies Handbags,Good Leather Garments,3478.8,5878.8,2400,TRY,true,,https://dengage-presales.github.io/demo-ai/demos/goodleathergarments-in/product.html?id=EMERALD-LUXE-CROCO-PRINT-LEATHER-PURSE,https://dengage-presales.github.io/demo-ai/assets/motifs/bag.jpg
LAPEL-LEATHER-BIKER-JACKET,goodleathergarments-in,Lapel Leather Biker Jacket,Vintage Leather Jackets,Good Leather Garments,6238.8,10798.8,4560,TRY,true,,https://dengage-presales.github.io/demo-ai/demos/goodleathergarments-in/product.html?id=LAPEL-LEATHER-BIKER-JACKET,https://dengage-presales.github.io/demo-ai/assets/motifs/jacket.jpg
DENIM-LEATHER-BIKER-JACKET,goodleathergarments-in,Denim Leather Biker Jacket,Vintage Leather Jackets,Good Leather Garments,6598.8,11518.8,4920,TRY,true,,https://dengage-presales.github.io/demo-ai/demos/goodleathergarments-in/product.html?id=DENIM-LEATHER-BIKER-JACKET,https://dengage-presales.github.io/demo-ai/assets/motifs/jacket.jpg
CRIPPLE-LEATHER-BIKER-JACKET,goodleathergarments-in,Cripple Leather Biker Jacket,Vintage Leather Jackets,Good Leather Garments,6838.8,11518.8,4680,TRY,true,,https://dengage-presales.github.io/demo-ai/demos/goodleathergarments-in/product.html?id=CRIPPLE-LEATHER-BIKER-JACKET,https://dengage-presales.github.io/demo-ai/assets/motifs/jacket.jpg
VESTURE-LEATHER-BIKER-JACKET,goodleathergarments-in,Vesture Leather Biker Jacket,Vintage Leather Jackets,Good Leather Garments,6598.8,10798.8,4200,TRY,true,,https://dengage-presales.github.io/demo-ai/demos/goodleathergarments-in/product.html?id=VESTURE-LEATHER-BIKER-JACKET,https://dengage-presales.github.io/demo-ai/assets/motifs/jacket.jpg
SADENS-CHERRY-LEATHER-BIKER-JACKET,goodleathergarments-in,Sadens cherry Leather Biker Jacket,Vintage Leather Jackets,Good Leather Garments,6838.8,13198.8,6360,TRY,true,,https://dengage-presales.github.io/demo-ai/demos/goodleathergarments-in/product.html?id=SADENS-CHERRY-LEATHER-BIKER-JACKET,https://dengage-presales.github.io/demo-ai/assets/motifs/jacket.jpg
BUMPER-PADDED-BLACK-JACKER,goodleathergarments-in,Bumper Padded Black Jacket,Vintage Leather Jackets,Good Leather Garments,6478.8,11758.8,5280,TRY,true,,https://dengage-presales.github.io/demo-ai/demos/goodleathergarments-in/product.html?id=BUMPER-PADDED-BLACK-JACKER,https://dengage-presales.github.io/demo-ai/assets/motifs/jacket.jpg
BOMTER-BOOMAR-BIKER-JACKET,goodleathergarments-in,Bomnor Boomar Biker Jacket,Vintage Leather Jackets,Good Leather Garments,6598.8,13198.8,6600,TRY,true,,https://dengage-presales.github.io/demo-ai/demos/goodleathergarments-in/product.html?id=BOMTER-BOOMAR-BIKER-JACKET,https://dengage-presales.github.io/demo-ai/assets/motifs/jacket.jpg
B-508,goodleathergarments-in,Rugged Trail Boots,Boot,Good Leather,3598.8,6718.8,3120,TRY,true,,https://dengage-presales.github.io/demo-ai/demos/goodleathergarments-in/product.html?id=B-508,https://dengage-presales.github.io/demo-ai/assets/motifs/boot.jpg
B512-BR,goodleathergarments-in,Good Leather Hampton Boots,Boot,Good Leather,3598.8,5518.8,1920,TRY,true,,https://dengage-presales.github.io/demo-ai/demos/goodleathergarments-in/product.html?id=B512-BR,https://dengage-presales.github.io/demo-ai/assets/motifs/boot.jpg
BBL501,goodleathergarments-in,Titan Genuine Leather Buckle Boots,Boot,Good Leather,3478.8,5518.8,2040,TRY,true,,https://dengage-presales.github.io/demo-ai/demos/goodleathergarments-in/product.html?id=BBL501,https://dengage-presales.github.io/demo-ai/assets/motifs/boot.jpg
CBL1032,goodleathergarments-in,Good Leather Noble Chelsea Boots,Boot,Good Leather Garments,3598.8,10800,7201.2,TRY,true,,https://dengage-presales.github.io/demo-ai/demos/goodleathergarments-in/product.html?id=CBL1032,https://dengage-presales.github.io/demo-ai/assets/motifs/boot.jpg
BBL502,goodleathergarments-in,Good Leather Noren Boots,Boot,Good Leather,3118.8,10798.8,7680,TRY,true,,https://dengage-presales.github.io/demo-ai/demos/goodleathergarments-in/product.html?id=BBL502,https://dengage-presales.github.io/demo-ai/assets/motifs/boot.jpg
BSBU505,goodleathergarments-in,Combat Suede Leather Boots,Boot,Good Leather Garments,2998.8,5878.8,2880,TRY,true,,https://dengage-presales.github.io/demo-ai/demos/goodleathergarments-in/product.html?id=BSBU505,https://dengage-presales.github.io/demo-ai/assets/motifs/boot.jpg
CBL1014,goodleathergarments-in,Good Leather Sleek Chelsea Boots,Chelsea,Good Leather,3598.8,5518.8,1920,TRY,true,,https://dengage-presales.github.io/demo-ai/demos/goodleathergarments-in/product.html?id=CBL1014,https://dengage-presales.github.io/demo-ai/assets/motifs/boot.jpg
CBL1043,goodleathergarments-in,Good Leather Grand Chelsea,Chelsea,Good Leather,3598.8,6598.8,3000,TRY,true,,https://dengage-presales.github.io/demo-ai/demos/goodleathergarments-in/product.html?id=CBL1043,https://dengage-presales.github.io/demo-ai/assets/motifs/boot.jpg
CBR1034,goodleathergarments-in,Good Leather Florence Ankle Boot,Chelsea,Good Leather,3598.8,8400,4801.2,TRY,true,,https://dengage-presales.github.io/demo-ai/demos/goodleathergarments-in/product.html?id=CBR1034,https://dengage-presales.github.io/demo-ai/assets/motifs/boot.jpg
CTN1034,goodleathergarments-in,Good Leather Royal Step Chelsea,Chelsea,Good Leather,2998.8,10798.8,7800,TRY,true,,https://dengage-presales.github.io/demo-ai/demos/goodleathergarments-in/product.html?id=CTN1034,https://dengage-presales.github.io/demo-ai/assets/motifs/boot.jpg
CBR1013,goodleathergarments-in,Good Leather Apex Chelsea Boots,Chelsea,Good Leather,2758.8,10800,8041.2,TRY,true,,https://dengage-presales.github.io/demo-ai/demos/goodleathergarments-in/product.html?id=CBR1013,https://dengage-presales.github.io/demo-ai/assets/motifs/boot.jpg
CST-1042,goodleathergarments-in,Good Leather Elite Chelsea,Chelsea,Good Leather,3598.8,8398.8,4800,TRY,true,,https://dengage-presales.github.io/demo-ai/demos/goodleathergarments-in/product.html?id=CST-1042,https://dengage-presales.github.io/demo-ai/assets/motifs/boot.jpg
F-116,goodleathergarments-in,Horizon Formal Shoes,Formal Shoes,Good Leather,2998.8,6598.8,3600,TRY,true,,https://dengage-presales.github.io/demo-ai/demos/goodleathergarments-in/product.html?id=F-116,https://dengage-presales.github.io/demo-ai/assets/motifs/shoe.jpg
V1524-BL,goodleathergarments-in,Double Monk Formal Shoes,Formal Shoes,Good Leather,3598.8,4918.8,1320,TRY,true,,https://dengage-presales.github.io/demo-ai/demos/goodleathergarments-in/product.html?id=V1524-BL,https://dengage-presales.github.io/demo-ai/assets/motifs/shoe.jpg
VBL1516,goodleathergarments-in,Good Leather Prime Slip-On,Formal Shoes,Good Leather,2998.8,5518.8,2520,TRY,true,,https://dengage-presales.github.io/demo-ai/demos/goodleathergarments-in/product.html?id=VBL1516,https://dengage-presales.github.io/demo-ai/assets/motifs/shoe.jpg
FBL113,goodleathergarments-in,Marlowe Formal Shoes,Formal Shoes,Good Leather,2998.8,5518.8,2520,TRY,true,,https://dengage-presales.github.io/demo-ai/demos/goodleathergarments-in/product.html?id=FBL113,https://dengage-presales.github.io/demo-ai/assets/motifs/shoe.jpg
FTN113,goodleathergarments-in,Milan Leather Derbies,Formal Shoes,Good Leather,2878.8,4918.8,2040,TRY,true,,https://dengage-presales.github.io/demo-ai/demos/goodleathergarments-in/product.html?id=FTN113,https://dengage-presales.github.io/demo-ai/assets/motifs/shoe.jpg
FBL106,goodleathergarments-in,Regal Genuine Leather Derby Shoes,Formal Shoes,Good Leather,2998.8,5878.8,2880,TRY,true,,https://dengage-presales.github.io/demo-ai/demos/goodleathergarments-in/product.html?id=FBL106,https://dengage-presales.github.io/demo-ai/assets/motifs/shoe.jpg
V1505-BL,goodleathergarments-in,Modern Comfort Loafers,More,Good Leather,2998.8,6598.8,3600,TRY,true,,https://dengage-presales.github.io/demo-ai/demos/goodleathergarments-in/product.html?id=V1505-BL,https://dengage-presales.github.io/demo-ai/assets/motifs/shoe.jpg
LST2005-TN,goodleathergarments-in,Classic Buckle Loafers,More,Good Leather,2278.8,5518.8,3240,TRY,true,,https://dengage-presales.github.io/demo-ai/demos/goodleathergarments-in/product.html?id=LST2005-TN,https://dengage-presales.github.io/demo-ai/assets/motifs/shoe.jpg
LST2003-TN,goodleathergarments-in,Classic Brown Loafers,More,Good Leather,2278.8,5518.8,3240,TRY,true,,https://dengage-presales.github.io/demo-ai/demos/goodleathergarments-in/product.html?id=LST2003-TN,https://dengage-presales.github.io/demo-ai/assets/motifs/shoe.jpg
VBL1521,goodleathergarments-in,Royal Crest Belly Shoes,More,Good Leather,2398.8,4198.8,1800,TRY,true,,https://dengage-presales.github.io/demo-ai/demos/goodleathergarments-in/product.html?id=VBL1521,https://dengage-presales.github.io/demo-ai/assets/motifs/shoe.jpg
CBL1034,goodleathergarments-in,Regent Genuine Leather Zip Boots,More,Good Leather Garments,4078.8,9478.8,5400,TRY,true,,https://dengage-presales.github.io/demo-ai/demos/goodleathergarments-in/product.html?id=CBL1034,https://dengage-presales.github.io/demo-ai/assets/motifs/boot.jpg
MADE-TO-MEASURE,goodleathergarments-in,Customization-Made To Measure,More,Good Leather Garments,1200,1200,0,TRY,true,,https://dengage-presales.github.io/demo-ai/demos/goodleathergarments-in/product.html?id=MADE-TO-MEASURE,
CBL1027,goodleathergarments-in,Good Leather Blackstone Chelsea Boots,More,Good Leather Garments,3598.8,11998.8,8400,TRY,true,,https://dengage-presales.github.io/demo-ai/demos/goodleathergarments-in/product.html?id=CBL1027,https://dengage-presales.github.io/demo-ai/assets/motifs/boot.jpg
FWZAGGGG1540ABHPDEF,sharbatly-club,"Carnations, Yukari Violet, 19 Stems",Flower,SQ Flora Kenya,29.99,49.99,20,SAR,true,,https://dengage-presales.github.io/demo-ai/demos/sharbatly-club/product.html?id=FWZAGGGG1540ABHPDEF,
FWBFGGGG1505ABHPDEF,sharbatly-club,"Roses Baby, Fire Flash, 10 Stems",Flower,SQ Flora Kenya,39.99,39.99,0,SAR,true,,https://dengage-presales.github.io/demo-ai/demos/sharbatly-club/product.html?id=FWBFGGGG1505ABHPDEF,
FWC0GGGG15005BHPDEF,sharbatly-club,"Eucalyptus, Cinerea, 10 Stems",Flower,SQ Flora Kenya,39.99,39.99,0,SAR,true,,https://dengage-presales.github.io/demo-ai/demos/sharbatly-club/product.html?id=FWC0GGGG15005BHPDEF,
FWJ5GGGG15002BHPDEF,sharbatly-club,"Chrysanthemums, Chic, pink, dyed, 10 stems",Flower,Dalat Hasfarm,49.99,49.99,0,SAR,true,,https://dengage-presales.github.io/demo-ai/demos/sharbatly-club/product.html?id=FWJ5GGGG15002BHPDEF,
FWJ6GGGG15002BHPDEF,sharbatly-club,"Chrysanthemums Topspin, Tinted Fuchsia Pink, 10 Stems",Flower,Dalat Hasfarm,49.99,49.99,0,SAR,true,,https://dengage-presales.github.io/demo-ai/demos/sharbatly-club/product.html?id=FWJ6GGGG15002BHPDEF,
FWJ7GGGG15002BHPDEF,sharbatly-club,"Chrysanthemums magnum, Dyed, Periwinkle Violet, 5 stem",Flower,Dalat Hasfarm,49.99,49.99,0,SAR,true,,https://dengage-presales.github.io/demo-ai/demos/sharbatly-club/product.html?id=FWJ7GGGG15002BHPDEF,
FWK7GGGG15002BHPDEF,sharbatly-club,"Chrysanthemums, Cipria, 5 stems",Flower,Dalat Hasfarm,49.99,49.99,0,SAR,true,,https://dengage-presales.github.io/demo-ai/demos/sharbatly-club/product.html?id=FWK7GGGG15002BHPDEF,
FWK8GGGG15002BHPDEF,sharbatly-club,"Chrysanthemums magnum, Dyed, Red, 5 Stems",Flower,Dalat Hasfarm,39.99,39.99,0,SAR,true,,https://dengage-presales.github.io/demo-ai/demos/sharbatly-club/product.html?id=FWK8GGGG15002BHPDEF,
FWK9GGGG15002BHPDEF,sharbatly-club,"Chrysanthemums magnum, Dyed, Coral Magenta, 5 Stems",Flower,Dalat Hasfarm,39.99,39.99,0,SAR,true,,https://dengage-presales.github.io/demo-ai/demos/sharbatly-club/product.html?id=FWK9GGGG15002BHPDEF,
FWC8GGGG15012BHFDEF,sharbatly-club,"Gerbera pastini ravello, 10 Stems",Flower,Dalat Hasfarm,42.49,49.99,7.5,SAR,true,,https://dengage-presales.github.io/demo-ai/demos/sharbatly-club/product.html?id=FWC8GGGG15012BHFDEF,
FRCVGGGG1535ABHPDEF,sharbatly-club,"Campanula, White, 10 stems",Flower,Dalat Hasfarm,49.99,49.99,0,SAR,true,,https://dengage-presales.github.io/demo-ai/demos/sharbatly-club/product.html?id=FRCVGGGG1535ABHPDEF,
FWFOGGGG1505GPUPDEF,sharbatly-club,"Chrysal Clear Flower Food, 50 Packets",Flower,Sharbatly.Club,49.99,49.99,0,SAR,true,,https://dengage-presales.github.io/demo-ai/demos/sharbatly-club/product.html?id=FWFOGGGG1505GPUPDEF,
FWQ2GGGG15015BHPDEF,sharbatly-club,"Roses, Madam Red, 10 Stems",Flower,Vegpro Kenya,37.99,37.99,0,SAR,true,,https://dengage-presales.github.io/demo-ai/demos/sharbatly-club/product.html?id=FWQ2GGGG15015BHPDEF,
TASWGGGG15003BHPDEF,sharbatly-club,"Tamarind, Sweet, 0.3 kg Pack",Fruit,Sharbatly,13.99,13.99,0,SAR,true,,https://dengage-presales.github.io/demo-ai/demos/sharbatly-club/product.html?id=TASWGGGG15003BHPDEF,
GRRSGGGG15015PAPDEF,sharbatly-club,"Grapes, Red Seedless, 0.5 kg Pack",Fruit,Sharbatly,12.99,12.99,0,SAR,true,,https://dengage-presales.github.io/demo-ai/demos/sharbatly-club/product.html?id=GRRSGGGG15015PAPDEF,
AVHAPRGG0436ACSPDEF,sharbatly-club,"Avocado, Hass, Premium, 2 Pieces, Pack",Fruit,Sharbatly,17.99,17.99,0,SAR,true,,https://dengage-presales.github.io/demo-ai/demos/sharbatly-club/product.html?id=AVHAPRGG0436ACSPDEF,
MFFBGGGJ15007CAPDEF,sharbatly-club,Berry Bliss Bundle,Fruit,Mixed,59.99,59.99,0,SAR,true,,https://dengage-presales.github.io/demo-ai/demos/sharbatly-club/product.html?id=MFFBGGGJ15007CAPDEF,
FGWHGGGG1513BCAPDEF,sharbatly-club,Figs white 01 kg Carton,Fruit,Sharbatly,28.5,28.5,0,SAR,false,0,https://dengage-presales.github.io/demo-ai/demos/sharbatly-club/product.html?id=FGWHGGGG1513BCAPDEF,
JFPLGGGG1525BPUPDEF,sharbatly-club,"Jack fruit, Peeled, 0.25 kg Pack",Fruit,Thailand,19.99,19.99,0,SAR,false,0,https://dengage-presales.github.io/demo-ai/demos/sharbatly-club/product.html?id=JFPLGGGG1525BPUPDEF,
SBWHGGGG1525BPUPDEF,sharbatly-club,"Strawberries,White, 0.25 kg Pack",Fruit,Sharbatly,39.99,39.99,0,SAR,false,0,https://dengage-presales.github.io/demo-ai/demos/sharbatly-club/product.html?id=SBWHGGGG1525BPUPDEF,
BASMGGGG15005PAPDEF,sharbatly-club,"Thai Mini Bananas, extra sweet, 0.5 kg pack",Fruit,Thailand,29.99,29.99,0,SAR,false,0,https://dengage-presales.github.io/demo-ai/demos/sharbatly-club/product.html?id=BASMGGGG15005PAPDEF,
FGGGGGGG15010TRPDEF,sharbatly-club,"Figs, 1 kg Pack",Fruit,Local Market,22,22,0,SAR,false,0,https://dengage-presales.github.io/demo-ai/demos/sharbatly-club/product.html?id=FGGGGGGG15010TRPDEF,
APRDGGGG15030TRPDEF,sharbatly-club,"Apple, Red Delicious, 3 kg Carton",Fruit,Sharbatly,26.5,26.5,0,SAR,false,0,https://dengage-presales.github.io/demo-ai/demos/sharbatly-club/product.html?id=APRDGGGG15030TRPDEF,
MNCNGGGG15030CAPDEF,sharbatly-club,"Mangoes, Chaunsa, 2 kg Carton",Fruit,Local Market,69.99,69.99,0,SAR,false,0,https://dengage-presales.github.io/demo-ai/demos/sharbatly-club/product.html?id=MNCNGGGG15030CAPDEF,
GRWIGGGG15010FOPDEF,sharbatly-club,"Grapes White small, Taif, 1.5 kg Pack",Fruit,Local Market,29.99,29.99,0,SAR,false,0,https://dengage-presales.github.io/demo-ai/demos/sharbatly-club/product.html?id=GRWIGGGG15010FOPDEF,
MNZBGGGG15035PCPDEF,sharbatly-club,"Mangos, Zebda, 3 kg Carton",Fruit,Sharbatly,29.95,29.95,0,SAR,false,0,https://dengage-presales.github.io/demo-ai/demos/sharbatly-club/product.html?id=MNZBGGGG15035PCPDEF,
CBBKGGGG1525DPUPDEF,sharbatly-club,Kale baby *super food* 0.125 kg Pack,Vegetable,Holland,10.5,10.5,0,SAR,true,,https://dengage-presales.github.io/demo-ai/demos/sharbatly-club/product.html?id=CBBKGGGG1525DPUPDEF,
ENWHGGGG15010PUPDEF,sharbatly-club,"Eggplant white, 1 kg Pack",Vegetable,Local Market,5.5,5.5,0,SAR,true,,https://dengage-presales.github.io/demo-ai/demos/sharbatly-club/product.html?id=ENWHGGGG15010PUPDEF,
CBSVGGGG1505APIPDEF,sharbatly-club,"Cabbage savoy, Single Piece",Vegetable,Holland,32.99,34.99,2,SAR,true,,https://dengage-presales.github.io/demo-ai/demos/sharbatly-club/product.html?id=CBSVGGGG1505APIPDEF,
LTMLGGGG1525DPAPDEF,sharbatly-club,"Lettuce, Mesclun, 0.125 kg Pack",Vegetable,Holland,11.5,11.5,0,SAR,true,,https://dengage-presales.github.io/demo-ai/demos/sharbatly-club/product.html?id=LTMLGGGG1525DPAPDEF,
PPCLGGGG15002TRPDEF,sharbatly-club,"Peppers, chilli Green, Qassimi 0.2 kg Pack",Vegetable,Local Market,4.99,4.99,0,SAR,true,,https://dengage-presales.github.io/demo-ai/demos/sharbatly-club/product.html?id=PPCLGGGG15002TRPDEF,
PPCRGGGG15002TRPDEF,sharbatly-club,"Peppers, chilli Red, Qassimi 0.2 kg Pack",Vegetable,Local Market,7.99,7.99,0,SAR,true,,https://dengage-presales.github.io/demo-ai/demos/sharbatly-club/product.html?id=PPCRGGGG15002TRPDEF,
ZUMAGGGG15005TRPDEF,sharbatly-club,"Baby Zucchini, Courgette, Qassimi 0.5 kg Pack",Vegetable,Local Market,10.99,10.99,0,SAR,true,,https://dengage-presales.github.io/demo-ai/demos/sharbatly-club/product.html?id=ZUMAGGGG15005TRPDEF,
PTFSGGGG15020BAPDEF,sharbatly-club,"Potatoes, for Fries, 2 kg Bag",Vegetable,Local Market,13.99,13.99,0,SAR,true,,https://dengage-presales.github.io/demo-ai/demos/sharbatly-club/product.html?id=PTFSGGGG15020BAPDEF,https://dengage-presales.github.io/demo-ai/assets/motifs/bag.jpg
SPBAGGGG1525DPULDEF,sharbatly-club,"Spinach, Baby, Hydroponic, 0.125 kg Pack",Vegetable,Babul,6.99,6.99,0,SAR,true,,https://dengage-presales.github.io/demo-ai/demos/sharbatly-club/product.html?id=SPBAGGGG1525DPULDEF,
CAGGGGGG15030CAFDEF,sharbatly-club,"Carrots, 3 kg Carton",Vegetable,Sharbatly,24.99,24.99,0,SAR,true,,https://dengage-presales.github.io/demo-ai/demos/sharbatly-club/product.html?id=CAGGGGGG15030CAFDEF,
PTVIGGGG15010PAPDEF,sharbatly-club,"Potatoes Vitelotte, purple, 1 kg Pack",Vegetable,Holland,42.99,42.99,0,SAR,true,,https://dengage-presales.github.io/demo-ai/demos/sharbatly-club/product.html?id=PTVIGGGG15010PAPDEF,
BTPCGGGG1505APAPDEF,sharbatly-club,"Beetroots, Precooked, vacuum bag 0.5 kg Pack",Vegetable,Holland,14.5,14.5,0,SAR,true,,https://dengage-presales.github.io/demo-ai/demos/sharbatly-club/product.html?id=BTPCGGGG1505APAPDEF,https://dengage-presales.github.io/demo-ai/assets/motifs/bag.jpg
CAGGGGCN15100CALDEF,sharbatly-club,"Carrots, Extra Large, 10 kg Carton",Vegetable,Sharbatly,55,55,0,SAR,true,,https://dengage-presales.github.io/demo-ai/demos/sharbatly-club/product.html?id=CAGGGGCN15100CALDEF,
FWB8GGGG15015BHPDEF,sharbatly-club,"Red Roses Classic Bouquet, 12 Stems",Bouquet,Mix Flower Bouquet,75,75,0,SAR,true,,https://dengage-presales.github.io/demo-ai/demos/sharbatly-club/product.html?id=FWB8GGGG15015BHPDEF,
FWR0GGGG15016BHPDEF,sharbatly-club,"Ruby Love Bouquet, 16 Stems",Bouquet,Mix Flower Bouquet,75,75,0,SAR,false,0,https://dengage-presales.github.io/demo-ai/demos/sharbatly-club/product.html?id=FWR0GGGG15016BHPDEF,
FWH4GGGG15015BHPDEF,sharbatly-club,"Happy Day Bouquet, 12 Stems",Bouquet,Mix Flower Bouquet,75,75,0,SAR,false,0,https://dengage-presales.github.io/demo-ai/demos/sharbatly-club/product.html?id=FWH4GGGG15015BHPDEF,
FWU1GGGG15012BHPDEF,sharbatly-club,"Pure Calm Bouquet, 12 Stems",Bouquet,Mix Flower Bouquet,65,65,0,SAR,false,0,https://dengage-presales.github.io/demo-ai/demos/sharbatly-club/product.html?id=FWU1GGGG15012BHPDEF,
FWI6GGGG15012BHPDEF,sharbatly-club,"Pink Whisper Bouquet, 12 Stems",Bouquet,Mix Flower Bouquet,80,80,0,SAR,false,0,https://dengage-presales.github.io/demo-ai/demos/sharbatly-club/product.html?id=FWI6GGGG15012BHPDEF,
FWSJGGGG1513CBHPDEF,sharbatly-club,"Sunshine Joy Bouquet, 13 Stems",Bouquet,Mix Flower Bouquet,80,80,0,SAR,false,0,https://dengage-presales.github.io/demo-ai/demos/sharbatly-club/product.html?id=FWSJGGGG1513CBHPDEF,
FWC3GGGG15015BHPDEF,sharbatly-club,"Red Roses Signature Romance Bouquet, 18 Stems",Bouquet,Valentine Lines,149.99,149.99,0,SAR,false,0,https://dengage-presales.github.io/demo-ai/demos/sharbatly-club/product.html?id=FWC3GGGG15015BHPDEF,
FWRQGGGG15010BHPDEF,sharbatly-club,"Red Roses Romance Bouquet, 15 Stems",Bouquet,Valentine Lines,99.99,99.99,0,SAR,false,0,https://dengage-presales.github.io/demo-ai/demos/sharbatly-club/product.html?id=FWRQGGGG15010BHPDEF,
FWQMGGGG1502ABHPDEF,sharbatly-club,"Red Roses Grand Luxury Bouquet, 50 Stems",Bouquet,Valentine Lines,299.99,299.99,0,SAR,false,0,https://dengage-presales.github.io/demo-ai/demos/sharbatly-club/product.html?id=FWQMGGGG1502ABHPDEF,
CCGGGGGG15005PAPDEF,sharbatly-club,"Cucumber, Al Qassim, 0.5 kg pack",More,Local Market,9.99,9.99,0,SAR,true,,https://dengage-presales.github.io/demo-ai/demos/sharbatly-club/product.html?id=CCGGGGGG15005PAPDEF,
FW89GGGG15004BHPDEF,sharbatly-club,"Chrysanthemums, Peony Mums light pink, Dyed, 5 stems",More,Dalat Hasfarm,39.99,39.99,0,SAR,true,,https://dengage-presales.github.io/demo-ai/demos/sharbatly-club/product.html?id=FW89GGGG15004BHPDEF,
PLAIN-GIFT-CARD,sharbatly-club,Printed Gift Card,More,Sharbatly.Club,2.99,2.99,0,SAR,true,,https://dengage-presales.github.io/demo-ai/demos/sharbatly-club/product.html?id=PLAIN-GIFT-CARD,
SWAQ-CARD,sharbatly-club,SWAQ Video Message,More,SWAQ Inc.,1.99,1.99,0,SAR,true,,https://dengage-presales.github.io/demo-ai/demos/sharbatly-club/product.html?id=SWAQ-CARD,
VASES,sharbatly-club,"Glass Jar-With Wooden Lid, for medium flowers, 24 cm, Single Piece",More,Sharbatly.Club,19.99,19.99,0,SAR,true,,https://dengage-presales.github.io/demo-ai/demos/sharbatly-club/product.html?id=VASES,https://dengage-presales.github.io/demo-ai/assets/motifs/jar.jpg
VASES-GLASS-JAR,sharbatly-club,"Glass Vase for long stems flowers, 30 cm, Single Piece",More,Sharbatly.Club,22.99,22.99,0,SAR,true,,https://dengage-presales.github.io/demo-ai/demos/sharbatly-club/product.html?id=VASES-GLASS-JAR,
PHROGGGG1525BPAPDEF,sharbatly-club,"Pistachio, Roasted, 0.25 kg Pack",More,Fresh Nuts,19.99,19.99,0,SAR,true,,https://dengage-presales.github.io/demo-ai/demos/sharbatly-club/product.html?id=PHROGGGG1525BPAPDEF,
OGPTGGGG1510APIPDEF,sharbatly-club,"Oregano, plant in a pot, organic, Single Piece",More,Blue Field,15,15,0,SAR,false,0,https://dengage-presales.github.io/demo-ai/demos/sharbatly-club/product.html?id=OGPTGGGG1510APIPDEF,https://dengage-presales.github.io/demo-ai/assets/motifs/cookware.jpg
CVPTGGGG1510APIPDEF,sharbatly-club,"Chives, plant in a pot, organic, Single Piece",More,Blue Field,15,15,0,SAR,false,0,https://dengage-presales.github.io/demo-ai/demos/sharbatly-club/product.html?id=CVPTGGGG1510APIPDEF,https://dengage-presales.github.io/demo-ai/assets/motifs/cookware.jpg
MJGGGGGG1510APAPDEF,sharbatly-club,"Marjoram, 0.1 kg Bunch",More,Kenya,7.99,7.99,0,SAR,false,0,https://dengage-presales.github.io/demo-ai/demos/sharbatly-club/product.html?id=MJGGGGGG1510APAPDEF,
KUGGGGGG15005PALDEF,sharbatly-club,"Kumquat, Seedless, Extra Sweet, 0.50 kg Pack",More,Sharbatly,19.5,19.5,0,SAR,false,0,https://dengage-presales.github.io/demo-ai/demos/sharbatly-club/product.html?id=KUGGGGGG15005PALDEF,
ALGRGGGG15005PUPDEF,sharbatly-club,"Almonds fresh, Green, 0.4 kg Pack",More,Local Market,19.95,19.95,0,SAR,false,0,https://dengage-presales.github.io/demo-ai/demos/sharbatly-club/product.html?id=ALGRGGGG15005PUPDEF,
FSH-JKT-001,showcase,Quilted Field Jacket,Fashion,,149,189,40,USD,true,12,https://dengage-presales.github.io/demo-ai/demos/showcase/product.html?id=FSH-JKT-001,https://dengage-presales.github.io/demo-ai/assets/motifs/jacket.jpg
FSH-KNT-002,showcase,Merino Crew Knit,Fashion,,95,95,0,USD,true,3,https://dengage-presales.github.io/demo-ai/demos/showcase/product.html?id=FSH-KNT-002,https://dengage-presales.github.io/demo-ai/assets/motifs/knit.jpg
FSH-BOO-003,showcase,Leather Chelsea Boot,Fashion,,240,240,0,USD,true,,https://dengage-presales.github.io/demo-ai/demos/showcase/product.html?id=FSH-BOO-003,https://dengage-presales.github.io/demo-ai/assets/motifs/boot.jpg
FSH-SHT-004,showcase,Oxford Shirt,Fashion,,54,68,14,USD,true,40,https://dengage-presales.github.io/demo-ai/demos/showcase/product.html?id=FSH-SHT-004,https://dengage-presales.github.io/demo-ai/assets/motifs/shirt.jpg
FSH-BAG-005,showcase,Canvas Weekender,Fashion,,130,130,0,USD,true,7,https://dengage-presales.github.io/demo-ai/demos/showcase/product.html?id=FSH-BAG-005,https://dengage-presales.github.io/demo-ai/assets/motifs/bag.jpg
ELC-LAP-101,showcase,Studio Laptop 14,Electronics,,1450,1450,0,USD,true,5,https://dengage-presales.github.io/demo-ai/demos/showcase/product.html?id=ELC-LAP-101,https://dengage-presales.github.io/demo-ai/assets/motifs/laptop.jpg
ELC-HPH-102,showcase,Over Ear Headphones,Electronics,,229,279,50,USD,true,22,https://dengage-presales.github.io/demo-ai/demos/showcase/product.html?id=ELC-HPH-102,https://dengage-presales.github.io/demo-ai/assets/motifs/headphones.jpg
ELC-WCH-103,showcase,Fitness Watch,Electronics,,199,199,0,USD,true,,https://dengage-presales.github.io/demo-ai/demos/showcase/product.html?id=ELC-WCH-103,https://dengage-presales.github.io/demo-ai/assets/motifs/smartwatch.jpg
ELC-CAM-104,showcase,Compact Mirrorless Camera,Electronics,,899,899,0,USD,true,2,https://dengage-presales.github.io/demo-ai/demos/showcase/product.html?id=ELC-CAM-104,https://dengage-presales.github.io/demo-ai/assets/motifs/camera.jpg
ELC-SPK-105,showcase,Portable Speaker,Electronics,,89,119,30,USD,true,31,https://dengage-presales.github.io/demo-ai/demos/showcase/product.html?id=ELC-SPK-105,https://dengage-presales.github.io/demo-ai/assets/motifs/speaker.jpg
HOM-CHR-201,showcase,Oak Dining Chair,Home,,215,215,0,USD,true,16,https://dengage-presales.github.io/demo-ai/demos/showcase/product.html?id=HOM-CHR-201,https://dengage-presales.github.io/demo-ai/assets/motifs/chair.jpg
HOM-LMP-202,showcase,Ceramic Table Lamp,Home,,145,145,0,USD,true,,https://dengage-presales.github.io/demo-ai/demos/showcase/product.html?id=HOM-LMP-202,https://dengage-presales.github.io/demo-ai/assets/motifs/lamp.jpg
HOM-RUG-203,showcase,Wool Flatweave Rug,Home,,265,320,55,USD,true,9,https://dengage-presales.github.io/demo-ai/demos/showcase/product.html?id=HOM-RUG-203,https://dengage-presales.github.io/demo-ai/assets/motifs/rug.jpg
HOM-COO-204,showcase,Cast Iron Casserole,Home,,175,175,0,USD,true,1,https://dengage-presales.github.io/demo-ai/demos/showcase/product.html?id=HOM-COO-204,https://dengage-presales.github.io/demo-ai/assets/motifs/cookware.jpg
HOM-THR-205,showcase,Lambswool Throw,Home,,88,88,0,USD,true,25,https://dengage-presales.github.io/demo-ai/demos/showcase/product.html?id=HOM-THR-205,https://dengage-presales.github.io/demo-ai/assets/motifs/scarf.jpg
